{"train/steps_per_sec": 1.7590892139685756, "_timestamp": 1669380118.3535, "train/duration_loss": 4.596118450164795, "train/mel_loss": 32.62474822998047, "train/total_loss": 37.22086715698242, "_runtime": 16.45025897026062, "_step": 1}